non-si,len(cm),area(cm^2),vol(cm^3)
inch,2.54,6.4516,16.387064
feet,30.48,929.0304,28316.84659
yards,91.44,8361.2736,764554.858
mile,160934.4,25899881103.0,4168180000000000.0
furlong,20116.8,404685642.2,8140980127814
pints,0.0,0.0,0.0
quarts,0.0,0.0,0.0
cups,0.0,0.0,0.0
